mp_id,formula,Piezoelectric_Modulus
mp-1025377,Cd(AgI2)2,0.44492
mp-1094066,ScAgS2,0.629901983
mp-12902,ErAgTe2,0.66249
mp-12903,YAgTe2,0.67857
mp-13956,Ag2PSe3,0.17376
mp-14092,AlAgTe2,0.084225
mp-22993,AgClO4,0.26678
mp-22995,Ag3SI,0.312888336
mp-23485,Ag2HgI4,0.166158448
mp-30908,Ag3PSe4,0.455622357
mp-3532,CrAgSe2,0.291618409
mp-36526,AcOF,0.845496667
mp-674981,Ag3SI,0.518299213
mp-676561,Ag3SI,0.45796237
mp-685969,Ag8GeTe6,1.042443742
mp-753277,LiAgF2,0.670694113
mp-753316,Li2AgF5,1.188247421
mp-775761,AgClO3,0.01496
mp-983589,Ag2GeO3,0.30754
mp-996984,AgClO2,0.28270237
mp-1229128,Ag3PO4,1.224157632
mp-12459,Ag3PS4,0.623903844
mp-12904,HoAgTe2,0.68695
mp-16238,Li2AgSb,0.03671
mp-17862,Ag3Ge5P6,0.107814593
mp-18105,CsAgSe4,0.08643
mp-18262,HoAgS2,0.019012856
mp-19412,VAg3O4,1.1953
mp-20554,InAgSe2,0.20373
mp-21459,InAgS2,0.449711162
mp-35264,Pr5AgSe8,0.253962119
mp-37923,Sm5AgS8,0.417402088
mp-4004,Ag5SbS4,0.271125324
mp-4182,CrAgS2,0.892473614
mp-5342,GaAgS2,0.253555
mp-5518,GaAgSe2,0.1884
mp-570256,Ag2HgI4,0.20626
mp-5770,AgNO2,0.3642
mp-632480,Ag3SI,1.048218625
mp-675420,Pr4Ag2Se7,1.603405171
mp-675977,AgBiS2,24.84459113
mp-676799,Ag8GeTe6,2.28505431
mp-752767,LiAgF2,0.159698337
mp-760580,Li2AgF3,0.0
mp-761269,Li2AgF4,0.0
mp-8196,AgNO3,0.264643358
mp-22386,InAgTe2,0.0516
mp-27549,K2AgBi,0.0
mp-33449,Tb5AgS8,0.392441929
mp-34486,Pr5AgS8,0.762931344
mp-37449,Nd5AgS8,0.530745653
mp-4024,DyAgTe2,0.71332
mp-556916,GaAgS2,0.344932637
mp-9538,Ag3AsS4,0.538943732
mp-9900,Ag2GeS3,0.217052771
mp-998358,MgAgF3,0.0
mp-1188559,YAgSe2,0.19897
mp-12955,HoAgSe2,0.1647
mp-14091,AlAgSe2,0.236835
mp-19833,InAgS2,0.28136
mp-23558,Ag2BiO3,1.399796329
mp-29163,Ag2TeS3,1.123033618
mp-29816,Ag2HgO2,0.03553
mp-33775,La5AgSe8,0.294498773
mp-34982,Ag3AuS2,0.493459241
mp-3551,TbAgTe2,0.7379
mp-4044,ErAgSe2,0.12079
mp-4899,GaAgTe2,0.13848
mp-552185,AgNO3,0.6310826
mp-5710,Ag3Te2Au,1.08e-17
mp-5782,AlAgS2,0.29809
mp-675879,Ag3SI,0.708044203
mp-676284,YAgSe2,0.066180444
mp-758604,LiAgF2,1.27724
mp-8411,Na2AgAs,0.0
mp-1025315,Mn(AlTe2)2,0.05759
mp-1228809,AlReSi,2.483052203
mp-27462,AlPS4,0.00607
mp-3038,Al2HgSe4,0.219966129
mp-560151,AlPO4,0.144645
mp-644097,BaAlH5,0.979679622
mp-772898,AlGaO3,0.704724512
mp-7885,AlAgS2,2.292166884
mp-862787,AlInSe3,0.101373982
mp-999052,Ti2MnAl,1.43574
mp-1102536,AlCuBr4,0.27989
mp-1106183,LiAlS2,0.97177665
mp-13703,Al4CO4,0.678970545
mp-17694,Ca5Al6O14,0.218118916
mp-21892,Al2PbO4,0.93636
mp-23807,AlHO2,2.440293023
mp-3281,Al5BO9,0.147227432
mp-36775,SrAl2O4,0.67961
mp-625075,AlHO2,2.233475618
mp-7117,LiAlSe2,0.276724427
mp-7848,AlPO4,0.423359124
mp-7908,Al2ZnTe4,0.058933017
mp-1019508,AlGa3N4,0.23519
mp-27755,KAlCl4,0.191475323
mp-28020,AlCuCl4,0.05847
mp-4979,AlCuS2,0.13739
mp-556020,Li3AlF6,0.2258
mp-569787,Al(BH4)3,0.02134
mp-760396,TaAlO4,1.031104984
mp-7849,AlAsO4,0.309584913
mp-29796,Ho(AlCl4)3,0.059397614
mp-29820,Ca3(AlN2)2,0.04294
mp-34330,MgAl2O4,0.509843747
mp-35327,Al(CN)3,0.00696
mp-37091,Sr(AlTe2)2,0.063875
mp-554868,Al(MoS2)4,0.130143583
mp-568450,SrAlH5,0.21644
mp-625054,AlHO2,1.47606
mp-625318,Al(HO)3,0.531436804
mp-626073,Al(HO)3,1.443861548
mp-626435,Al(HO)3,4.887881315
mp-754979,Y3AlO6,0.620111272
mp-7907,Al2ZnSe4,0.082368616
mp-8258,BaAl4S7,0.36962
mp-1008556,AlGaN2,0.480111362
mp-1019378,Al3GaN4,0.40219
mp-1019379,AlB3N4,0.46892
mp-1019380,Al3BN4,0.15565
mp-1071955,AlPS4,0.06057
mp-23719,BeAlH5,0.096895503
mp-31408,Al4(B2O5)3,0.226707688
mp-3161,LiAlSi,0.49018
mp-35267,Al5CuS8,0.05886
mp-37405,Al5CuSe8,0.06858
mp-37990,AlPO4,0.09865
mp-504482,AlInS3,0.143556655
mp-530399,LiAl5O8,0.0
mp-551918,AlBiO3,5.064935412
mp-554002,Al(HO)3,0.584998982
mp-583071,CaAlH5,2.27537
mp-5859,AlPO4,0.349661902
mp-5920,LiAlGe,0.59438
mp-626500,Al(HO)3,1.01335629
mp-768573,Lu3AlO6,0.711095154
mp-7910,Al2HgTe4,0.120922462
mp-985293,Al(HO)3,0.11714
mp-3427,LiAlO2,0.04041
mp-38394,Ba(AlTe2)2,0.079297177
mp-4051,AlPO4,2.11313
mp-5492,SrAl2O4,0.143691955
mp-555903,Al(IO3)3,1.573204377
mp-568400,Sc(AlC)3,2.855127707
mp-5724,AlPO4,0.229127767
mp-5928,Al2CdS4,0.225145333
mp-675682,Al11NO15,0.251271018
mp-7906,Al2HgS4,0.317172827
mp-7909,Al2CdTe4,0.089395899
mp-8017,AlCuTe2,0.040325
mp-9212,NaAlO2,1.198037233
mp-10616,BaLiAs,0.496954638
mp-11654,BAsO4,0.211808919
mp-27230,As2SO6,0.10818
mp-30927,CsAs4F13,1.002718479
mp-3159,Al2CdSe4,0.151327506
mp-4586,LiAlTe2,0.06602
mp-545974,AlPO4,0.445989061
mp-8016,AlCuSe2,0.04272
mp-1008528,B2AsP,0.054517933
mp-1009084,BeSnAs2,0.46825
mp-1009088,BeGeAs2,0.10722
mp-1016197,MgSiAs2,0.14469
mp-1078724,LiAsSe2,1.465844053
mp-1228745,AsRhS,0.10663
mp-1228810,AsIrSe,0.11778
mp-14367,AsPO5,0.08661
mp-16363,CoAsS,0.12321
mp-18361,K7NbAs4,0.243042255
mp-18594,K3AsSe3,0.023263333
mp-27810,Ba(GeAs)2,0.078197301
mp-30300,Cs3As5O9,0.334231712
mp-3078,CdSiAs2,0.18113
mp-3481,KSnAs,0.426877947
mp-3595,ZnSiAs2,0.18673
mp-36577,Sr(AsS2)2,3.175637019
mp-3996,GaAsO4,0.646596832
mp-4008,ZnGeAs2,0.21275
mp-623837,As(CN)3,0.427019632
mp-756044,Na3AsO4,0.987478802
mp-7684,Tl3AsSe3,0.97392975
mp-867203,Sr2CdAs2,0.568030383
mp-9197,Li3AsO4,1.136009713
mp-961684,LiCaAs,0.682684821
mp-1095180,Ca2CdAs2,0.874908719
mp-1228823,AsIrS,0.11016
mp-14368,SbAsO5,0.08264
mp-1541585,Mn2As2O7,0.620404494
mp-18440,Rb7NbAs4,0.156948014
mp-28471,Li3AsS3,0.324586328
mp-4627,CoAsS,0.189825316
mp-555874,LiAsS2,0.587938155
mp-5707,CsAsF4,0.20108533
mp-5830,Na3AsS3,0.13672
mp-676464,Cd3AsI3,0.248423515
mp-754840,TaAsO4,2.002565389
mp-770219,NbAsO4,2.543535175
mp-8686,Na3AsSe3,0.081566667
mp-961685,NaCaAs,0.007329833
mp-9775,NaSrAs,0.210799138
mp-9791,Tl3AsS3,0.792178664
mp-1009087,BeSiAs2,0.131505
mp-1079666,Ba2CdAs2,0.582351563
mp-1193111,K3AsS3,0.04751
mp-1214087,Ca3AsI3,0.0
mp-1228724,AsRhSe,0.1142
mp-13305,SmSnAu,0.44718
mp-14001,Ba4SiAs4,0.08735
mp-14659,KAsSe2,0.665263316
mp-15573,Tl3AsO4,1.050721201
mp-15687,KZnAs,0.280092082
mp-2894,ScSnAu,0.34495
mp-29643,CuAsSe2,1.404329102
mp-3277,BAsO4,0.627677754
mp-541032,Te7As5I,0.70428437
mp-756401,TaAsO4,1.24985812
mp-758196,Mg3(AsO4)2,0.28134791
mp-9124,LiZnAs,0.7323
mp-1190030,La3Sb4Au3,0.31933
mp-28719,Ba(AuF4)2,0.304393464
mp-29196,AuCN,0.864184627
mp-30390,HoSnAu,0.286091927
mp-984350,Dy3Sb4Au3,0.79917
mp-1104686,Cs4Au6S5,0.236418918
mp-1207095,SiPAu,0.395149802
mp-13654,Y3Sb4Au3,0.876959944
mp-30159,AuBrF6,0.075750044
mp-996959,LiAuO2,0.066344835
mp-1191586,Zn(BH4)2,0.26224
mp-1219553,RbBH4,0.05996
mp-13308,HoGeAu,0.5782
mp-19343,Co4B6O13,0.13932
mp-568556,Mg2B24C,0.700417551
mp-753056,HoBO3,1.717010675
mp-760457,YBO3,1.711325877
mp-961693,ZrInAu,0.290390237
mp-1019509,B2S2O9,0.237062597
mp-1019560,Ca2B2O5,0.16603
mp-1019743,Ga3BN4,0.11691
mp-11000,CaB4O7,1.670003161
mp-11653,BPO4,0.153004208
mp-12403,LiBF4,0.08890335
mp-13335,Cd(BO2)2,0.769631307
mp-28582,CsB3H8,0.0
mp-5540,SrB4O7,1.007429864
mp-561055,RbB3O5,0.09927
mp-569450,LiB6C,0.331729934
mp-676049,KBF4,0.391044044
mp-752484,YbB4O7,1.884002289
mp-760405,ErBO3,1.761231741
mp-760477,SmBO3,1.432561864
mp-1007823,GaBN2,0.739661977
mp-14232,LiBO2,1.11153
mp-23349,Bi(BO2)3,1.162282514
mp-29756,RbB3O5,0.34343
mp-30126,Ba(BS2)2,0.349414068
mp-35082,BH6N,0.420578756
mp-4779,Li2B4O7,0.788522918
mp-4812,Zn4B6O13,0.15839
mp-540900,B2PdO4,0.142845
mp-558521,B2Se2O7,0.09605
mp-753318,DyBO3,1.664888587
mp-759069,B(HO)3,0.029201385
mp-760484,TmBO3,1.969403157
mp-9747,B4PbO7,1.533211453
mp-1008523,BC2N,0.65775
mp-12954,CuBS2,0.0619
mp-13252,SnB4O7,1.36381
mp-25296,MnBO3,0.405698919
mp-30148,BC2N,0.81214
mp-3589,BPO4,0.399440006
mp-571156,Mg(BH4)2,0.060750886
mp-638070,LiB13C2,0.160890992
mp-644223,LiBH4,0.10228537
mp-675418,BH6N,1.425811097
mp-675926,LiBH4,0.0
mp-754594,VBO4,0.101891552
mp-755260,Cd4B6O13,0.0691
mp-1019740,GaB3N4,0.78069
mp-12022,HgB4O7,2.095161105
mp-13863,BaGeO3,0.17409
mp-27724,BPS4,0.02046
mp-29060,Ba5(SiN3)2,0.49657
mp-30905,Ba3(BN2)2,0.26225
mp-34034,Ba8P5Br,0.371692637
mp-4236,BaZnO2,0.987933097
mp-4674,BNF8,0.32619
mp-560641,Ba12Cl5F19,0.184445269
mp-567771,Ba(Si3N4)2,67.67410697
mp-5777,BaTiO3,4.162563266
mp-675324,BaCO3,1.6529
mp-762225,BaCO3,0.297546731
mp-972448,SmBS3,0.36927
mp-1029679,BaGe7N10,1.550821427
mp-1228030,Ba4Bi2O,0.812326641
mp-18929,BaV2O6,0.21175
mp-19086,BaCoO2,1.504327973
mp-20546,Ba2In2O5,0.67630633
mp-27457,Ba(PO3)2,0.12338
mp-27897,Ba(NO2)2,0.04749
mp-28512,Ba(ClO3)2,0.3171675
mp-28514,Ba(BrO3)2,0.48822
mp-29909,Ba4I6O,0.171190986
mp-33985,Ba(InTe2)2,0.122145
mp-38117,Ba(GaTe2)2,0.10887
mp-3881,BaZnF4,1.51717
mp-4309,BaGa4S7,0.58824851
mp-541629,BaGaF5,0.16514
mp-555321,BaNiF4,1.69027
mp-752397,Ba2SrI6,0.0
mp-756018,BaMgO2,0.853074919
mp-756084,BaNa4O3,0.715520468
mp-760418,Ba2SrI6,0.799157922
mp-777233,BaYF5,2.491738794
mp-9732,BaNaP,0.029733841
mp-1009828,BaSiC,0.455782301
mp-10615,BaLiP,0.547548142
mp-1540000,BaGaH5,0.244182464
mp-23904,BaH4O3,0.269504832
mp-29289,BaPt2S3,0.008445
mp-34459,Ba(NdS2)2,0.48474
mp-5020,BaTiO3,4.540352945
mp-754920,BaYF5,2.91440675
mp-756090,BaNa4O3,16.77554582
mp-766325,BaCaI4,0.240371169
mp-779511,Ba2MgO3,0.0
mp-9711,Ba2Si5N8,0.294525903
mp-14568,BaMgF4,1.86949
mp-17885,Ba2Ge2Te5,0.280354144
mp-19154,Ba(FeO2)2,0.827115551
mp-19241,BaNiO3,17.82595859
mp-23063,Ba4Cl6O,0.234891394
mp-29703,BaSi7N10,0.420517495
mp-33606,Ba(PrSe2)2,0.363675
mp-3848,BaGe4O9,0.187705916
mp-555218,Ba4Br6O,0.219580845
mp-556850,BaMnF4,1.45183
mp-5986,BaTiO3,3.578256033
mp-643683,Ba5(Ga3H)2,0.01966927
mp-676002,Ba2PrF7,2.996870516
mp-752395,Ba2Na2O3,0.078365
mp-753775,BaCaI4,0.143494866
mp-1009085,BeSiP2,0.141305
mp-1019550,BeGeN2,1.240779263
mp-15703,BeCN2,0.461515
mp-19267,BaMnO3,1.080231832
mp-27192,CsBe2F5,1.4100000000000001e-22
mp-27608,Be4TeO7,0.06303
mp-27791,SrBe3O4,0.498312271
mp-27809,Ba(GeP)2,0.18104439
mp-28007,BaHgS2,0.461898616
mp-31235,BaNaBi,0.126692322
mp-36007,Ba(NdSe2)2,0.38346
mp-4559,BaCO3,0.619635861
mp-5185,K2BeF4,0.0
mp-550433,BeZnO2,0.48725
mp-625837,Be(HO)2,0.04599
mp-626720,BaH4O3,0.364267234
mp-657176,YbBeF4,0.643051455
mp-696736,RbBe2F5,0.172584648
mp-697853,Ba3WO6,1.016538482
mp-753460,BaCa2I6,0.933952957
mp-755391,BaNa2O2,0.583862338
mp-756202,Ba2SrI6,0.0
mp-7913,BeSiN2,0.398786689
mp-9575,LiBeSb,0.772463049
mp-1013527,BeGeP2,0.1178
mp-1103228,BiIrSe,0.15768
mp-1189451,BeCN2,0.493098497
mp-1227372,BiTeIr,0.10234
mp-15704,BeSiN2,0.14142
mp-23329,Bi2WO6,5.697979375
mp-28944,BiTeCl,0.265361897
mp-28980,K3BiSe3,0.07601
mp-29168,Rb3BiSe3,0.0643
mp-29505,Cs3BiO3,0.12774
mp-30459,ScNiBi,0.015866667
mp-31451,ZrCoBi,0.68528
mp-35687,Be(CN)2,0.036315136
mp-35795,BiPbF5,3.488803017
mp-5046,BeSO4,0.190933847
mp-555769,ScBiO3,0.0
mp-624483,YbBeF4,0.0
mp-625823,Be(HO)2,0.27114
mp-697136,Be(HO)2,0.52054
mp-754739,CaBe3O4,0.362929626
mp-863076,NbBiO4,2.422482153
mp-22949,FeBiO3,3.625148308
mp-22965,BiTeI,0.376339893
mp-23427,Ti3(BiO3)4,6.080634777
mp-23446,GeBi2O5,3.868479151
mp-23492,Si(Bi3O5)4,1.148796158
mp-23494,Ti(Bi3O5)4,0.984251321
mp-29379,K3BiTe3,0.04164
mp-30452,DyNiBi,0.198603333
mp-30460,YNiBi,0.307813333
mp-38487,Li7BiO6,0.353833867
mp-754009,ScBiO3,4.859032686
mp-754943,ErBiO3,4.997849436
mp-755568,GaBiO3,4.230458203
mp-1101765,BiRhSe,0.17413
mp-29365,Li5BiO5,1.400739816
mp-555313,ScBiO3,19.05054876
mp-557724,KBiF6,0.0
mp-570213,LiMgBi,0.02757
mp-675634,KBi2F7,14.0170135
mp-755478,CdBiO3,1.19678081
mp-768221,YBiO3,4.8307273
mp-768310,LaBiO3,4.442634181
mp-1008858,NdBiPd,0.437876667
mp-1029517,Li7BiN4,0.15341
mp-23339,NaBrO3,0.0055
mp-23352,Ge(Bi3O5)4,0.980357216
mp-23501,FeBiO3,4.372091392
mp-29526,BrNO3,0.35005
mp-29927,Pb7(BrF6)2,14.4418873
mp-33723,BiTeBr,0.384553656
mp-510347,In5S5Br,0.439861279
mp-546027,CrBiO3,3.25025151
mp-558645,PBr3O,0.0
mp-568269,TmNiBi,0.288043333
mp-606680,CsLi2Br3,0.0
mp-625583,H7BrO3,0.865478823
mp-675475,Li2MnBr4,4.260459777
mp-675531,NaBiS2,10.67852159
mp-754323,TmBiO3,5.428583803
mp-998412,KGeBr3,1.338562335
mp-1212660,GaCuBr4,0.2763
mp-1215629,Zn3PBr3,0.673499624
mp-22958,KBrO3,0.748250286
mp-23376,GaSeBr7,0.772074932
mp-23535,K2ZnBr4,0.019185925
mp-23828,Sr7(H6Br)2,0.18089636
mp-27853,Hg3(TeBr)2,0.52517
mp-28407,SBr2O,0.833881093
mp-28558,RbGeBr3,0.457078655
mp-28569,NaInBr4,0.06348
mp-28872,RbBrO3,0.634691038
mp-28989,Li10BrN3,0.072397126
mp-29033,P3BrCl14,0.430580109
mp-29057,Nb3SBr7,0.162552986
mp-29314,RbVBr3,0.496928771
mp-29798,TlBrO3,0.823079564
mp-36248,H4BrN,0.13006
mp-510346,In5Se5Br,0.996651343
mp-550070,NbBr2O,3.700729479
mp-554769,MoSBr,0.203276667
mp-556049,Sr4Br6O,0.186747203
mp-606393,NbBr3O,0.00901
mp-607953,FeSeBr7,0.245327867
mp-625521,H3BrO,0.346768157
mp-625560,H7BrO3,0.592144334
mp-642739,CsGeBr3,0.536941851
mp-676650,Li6Br3N,0.902893287
mp-774146,W(BrO)2,7.443094544
mp-998555,InSnBr3,1.957781954
mp-22966,C(ClF)2,0.069925574
mp-23683,H2CO,0.200894602
mp-27336,CsCuBr3,0.225937258
mp-28873,CsBrO3,0.335121114
mp-30068,CIN,1.271246712
mp-36262,BrO2F,0.383990105
mp-540998,FeTeBr7,0.102636381
mp-546202,Li4CO4,6.53956
mp-550320,Li4CO4,0.777612668
mp-551740,Li4CO4,0.26415
mp-552941,Na4CO4,50.45334798
mp-555256,Li4CO4,1.720745576
mp-559724,Ta4S9Br8,0.305429651
mp-570172,HgIBr,0.168440792
mp-580554,CsLi3Br4,0.425439161
mp-625509,H3BrO,0.381670182
mp-625604,H9BrO4,0.370289063
mp-28240,CSO,0.193322206
mp-28473,CClF3,0.36585
mp-29826,ZnCN2,0.22512
mp-30161,Si2CN4,0.422240646
mp-31306,C2O3F2,0.02384
mp-35308,CuCN,0.557129592
mp-4249,Hg(CO2)2,0.0
mp-545541,Na4CO4,2.600965842
mp-558412,H2CO2,0.083497744
mp-35751,Zn(CN)2,0.058534942
mp-36940,Mg(CN)2,0.017229475
mp-505702,Pb2CO4,0.1772
mp-550314,Rb4CO4,1.260662745
mp-550593,Li4CO4,33.34801286
mp-550798,Li4CO4,0.101682256
mp-552623,Na4CO4,1.757262926
mp-561412,CaCO3,0.245091452
mp-568116,Lu2(CN2)3,0.137166888
mp-690525,MnCO3,39.82858948
mp-1029718,CsC2N3,0.008615135
mp-1078908,Ca2CdP2,0.742481687
mp-1180553,Li4CO4,0.551637446
mp-17008,CaTeO3,0.228338251
mp-29761,UCO5,0.517998259
mp-35035,KCN,0.087232489
mp-37657,Ca3SiO5,1.027161248
mp-548403,CaCO3,1.875117661
mp-549207,Li4CO4,3.57381135
mp-555320,Li4CO4,1.263988363
mp-559232,H2C3O4,0.012165
mp-644385,HCN,0.757484832
mp-866810,Ca2SnS4,0.802093753
mvc-7761,Ca2Sn3O8,0.886406121
mp-1029633,CaSnN2,1.697938055
mp-1213976,CaGaH5,0.138191706
mp-1214080,Ca3SbI3,0.0
mp-1301869,CaCr2O4,0.747934309
mp-23326,Ca4Cl6O,0.113924022
mp-28922,Ca2Si5N8,0.357452879
mp-3082,CaSO4,0.02135
mp-34185,Ca(PrS2)2,0.3504
mp-556372,CaSO4,0.02239
mp-626644,Ca(HO)2,1.321289979
mp-754610,Sr3CaI8,0.075068948
mp-771568,SrCa2I6,0.04804
mp-7801,CaGeN2,3.1256
mp-29760,Ca10P6O25,0.238543855
mp-30252,Na10CaSn12,0.154955824
mp-635393,Ca2PI,0.722866386
mp-753813,Ca(ClO3)2,0.45845
mp-756500,Sr2CaI6,0.0
mp-866580,Ca2SnS4,0.209819801
mp-984055,Ca7(H6Cl)2,0.242210122
mp-1030245,Ca3ReN4,0.814589132
mp-1539136,CaCu2F8,0.1792687
mp-16433,Ca2Ga2O5,1.125637981
mp-34932,CaHN,1.232885
mp-35269,Ca4Sb2S,2.22035
mp-772813,Ca2Cu2O5,0.309278417
mp-866473,Ca4SnS6,1.141586729
mp-998615,CaTlF3,2.168500456
mvc-11129,Ca5(CrN3)2,0.968516362
mvc-16450,CaSnF4,0.0
mp-11168,Ca(PIr)2,1.813991223
mp-19842,CaFeO2,0.0
mp-30240,Ca2CoO3,0.0
mp-34011,Ca(HoS2)2,0.521225496
mp-35876,Ca(NdS2)2,0.34908
mp-36100,Ca(SmS2)2,0.36677
mp-36358,Ca(GdS2)2,0.451767836
mp-38327,Ca(TbS2)2,0.45161
mp-4163,Ca3Ti2O7,5.881253967
mp-675101,Ca5NbN5,0.695577715
mp-677072,Ca(InTe2)2,0.0372
mp-755949,Ca4I6O,0.223105013
mp-866922,Ca2SnS4,0.330798497
mp-866943,Ca2SnS4,0.01722
mp-1209286,Rb6CdO4,0.092765944
mp-1226891,Cd3PI3,0.686872596
mp-17161,K6CdO4,0.13828777
mp-17698,K6CdTe4,0.370859023
mp-18163,Cd4GeSe6,0.289390602
mp-21374,Cd(InTe2)2,0.131940538
mp-27272,Ca3PI3,2.7500000000000006e-21
mp-28508,Cd(HO)2,1.253031095
mp-3668,CdGeP2,0.1254
mp-3772,Cd(GaSe2)2,0.110636593
mp-4360,NaCdF3,0.482775626
mp-4666,CdSiP2,0.155355
mp-5213,CdSnP2,0.07753
mp-557614,Cd(PO3)2,0.11583
mp-5679,CdSO4,1.460852039
mp-568032,Cd(InSe2)2,0.17379
mp-568661,Cd(InSe2)2,0.15926
mp-971712,ZnCdS2,0.146455957
mp-1017534,ZnCdSe2,0.017815
mp-1021494,Cd5(S2Cl)2,1.155045201
mp-13949,Cd(GaTe2)2,0.096506605
mp-22304,Cd(InSe2)2,0.178736097
mp-36641,Cd(Ga3Te5)2,0.145544506
mp-36912,Pr2CdS4,0.97776
mp-38125,Sm2CdSe4,32.50433
mp-4452,Cd(GaS2)2,0.173443134
mp-504498,K2CdPb,0.11494
mp-625565,Cd(HO)2,1.037649004
mp-685935,CdGeO3,75.01858211
mp-772052,CdSeO4,1.454782163
mp-1019595,Ce5Zr3O16,1.25495
mp-1245535,CdGeN2,1.971974936
mp-17791,Cd4SiSe6,0.267876653
mp-18179,Cd4SiS6,0.348714296
mp-34376,Tb2CdS4,2.30213
mp-5151,Cd4GeS6,0.325989587
mp-625094,Cd(HO)2,0.716340724
mp-755380,Ce2Dy2O7,0.622085
mp-1019589,Ce3Zr5O16,1.142984999
mp-1025567,NbCl2O,3.728117523
mp-1189171,Zn2NCl,4.137267057
mp-23321,Sr4Cl6O,0.173800903
mp-23333,Hg3Cl4O,0.2687
mp-28369,GeH3Cl,0.219389479
mp-616185,Rb2ZnCl4,0.141736675
mp-673798,K3ClO,1.445795767
mp-760386,CsClO3,0.374578527
mp-768223,Cs2CeO3,1.07339171
mp-23032,CsCuCl3,0.00528
mp-23827,Sr7(H6Cl)2,0.178933004
mp-27854,TaCl4F,0.002710779
mp-28792,P4N3Cl11,0.24687192
mp-29362,GaCuCl4,0.04772
mp-29738,TlClO3,0.666329763
mp-30530,TlClO4,0.203556667
mp-34328,Mn(CuCl2)2,1.16023
mp-556422,NbCl3O,0.00874
mp-571242,Rb2CoCl4,0.697067719
mp-606711,Cs3LiCl4,0.337267045
mp-675022,CsPbCl3,0.336436325
mp-675801,KNbCl6,0.480953206
mp-676361,Li3ErCl6,0.27997701
mp-754202,CsClO3,0.161208522
mp-754712,NClO3,0.04284
mp-998561,CsSrCl3,0.477356472
mp-1539667,CsPbCl3,0.0
mp-23418,Hg3(SCl)2,0.35044709
mp-27277,PCl3O,0.262189574
mp-27824,PICl6,0.18808
mp-27851,Hg3(SeCl)2,0.35788
mp-28405,S(ClO)2,0.230755076
mp-28408,KTcCl3,0.505453378
mp-28546,Eu4Cl6O,0.170067888
mp-29845,CsHgCl3,0.211048784
mp-34337,H4NCl,0.19516
mp-540997,FeTeCl7,0.109442701
mp-546711,CsClO4,0.052343333
mp-550506,KClO3,0.453040668
mp-550759,RbClO4,0.033196667
mp-555726,NaClO3,0.05914
mp-567583,CsSbCl6,0.0
mp-625151,H7ClO3,0.209294655
mp-625171,H7ClO3,2.686375682
mp-626201,H5ClO6,0.03191
mp-753611,PCl3O,0.223508923
mp-998560,InSnCl3,1.855996637
mp-998569,InGeCl3,0.102771228
mp-998591,LiSnCl3,1.653692596
mp-1212662,GaClO,0.2981903
mp-22988,CsGeCl3,0.634744411
mp-23011,RbClO3,0.463167635
mp-23330,NaClO3,0.00888
mp-27699,S3(NCl)2,0.179028333
mp-27852,Hg3(TeCl)2,0.32946
mp-28189,FeSeCl7,0.417714862
mp-28477,Sr(ClO3)2,2.59217
mp-29252,Sn2ClF3,1.13136
mp-32539,W(ClO)2,5.761037446
mp-34078,H3ClO,0.417406272
mp-38103,NaClO4,0.17355
mp-546633,KClO4,0.085203333
mp-560748,SbCl3F2,0.079478527
mp-568100,ReNCl4,0.444048192
mp-618177,K2ZnCl4,0.268912105
mp-625175,H3ClO5,0.726124565
mp-761568,Rb2CoO3,1.48617
mp-998613,KGeCl3,0.365306344
mp-1094088,NbCoSn,1.607416922
mp-1226003,CoPS,0.07158
mp-4152,Ga2CoS4,0.129578653
mp-753473,LiCoO2,0.638095013
mp-753946,LiCoS2,0.0
mp-755811,Na3CoO3,1.937266667
mp-27920,Li8CoO6,0.215605636
mp-849770,CoPO4,0.652782258
mp-18762,Na4CoO3,1.241128879
mp-29187,Co(SiP)3,0.138125227
mp-625939,Co(HO)2,0.814254712
mp-754280,Li5CoO4,0.178502804
mp-774357,Na6CoO4,5.38655
mp-14795,K6CoSe4,0.376882542
mp-5967,TiCoSb,1.127926667
mp-625943,Co(HO)2,1.482195788
mp-753010,Li4CoO4,0.14776
mp-753251,Li5(CoO3)2,0.412801328
mp-756773,Li(CoO2)2,0.356018418
mp-14794,K6CoS4,0.37514906
mp-1539137,RbCr5S8,0.111223894
mp-19414,K3CrO4,5.75459
mp-26974,CrP2O7,0.353929186
mp-27042,CrPO4,1.651530546
mp-27149,CsCrF4,0.031084412
mp-31703,CrOF3,1.975077167
mp-753227,LiCrO2,1.434160224
mp-754233,Li5CrO5,1.426481526
mp-754913,Li2CrO2,1.236634449
mp-755493,CrSbO4,0.45871
mp-756967,Li2CrO4,0.71060534
mp-757971,Li7Cr2O8,1.670794101
mp-763985,Cr4OF11,0.133272348
mp-850964,Li3CrO4,2.801327672
mvc-7383,ZnCr2O7,0.59010467
mp-18876,K3CrO8,0.91445
mp-26910,Cr(PO3)3,0.121603275
mp-530262,Li15Cr2N9,0.12387509
mp-754908,NbCrO4,3.535535
mp-759495,Cr(PO3)3,0.09037
mp-770632,Li3CrO4,1.221519667
mp-772659,Li3CrO4,0.34857
mvc-3271,CrPO5,2.376055749
mp-24040,CrHO2,1.216951648
mp-27442,RbCrI3,0.296567552
mp-754243,Cr4OF11,0.085557222
mp-755067,Cr4OF11,0.149364395
mp-756340,TaCrO4,0.0
mp-756873,Li2CrO4,0.416288729
mp-770192,Li2CrO3,2.566530257
mp-20282,CsPbF3,0.489417733
mp-23910,CrHO2,4.556029453
mp-28295,CsIO3,0.628664909
mp-28377,CsGeI3,0.673098659
mp-3247,Cs2TiS3,0.0
mp-34293,CsTaN2,0.22451
mp-540574,Cs2Hg3I8,0.229068387
mp-570957,CsSiTe3,0.187142052
mp-614803,Cs2TeO3,0.805724098
mp-616573,Cs2V5O13,0.261261687
mp-625136,CsHO,0.61066
mp-642682,CsHO,3.7313
mp-642690,CsGeI3,1.734427001
mp-753141,Li5Cr2O8,0.368020085
mp-753467,TaCrO4,0.515555
mp-756005,Li2CrO3,1.654358212
mp-998298,CsSnF3,1.685258878
mp-1105876,Cs6Fe2O5,0.265373216
mp-1118943,Cs3Re2N5,0.247930326
mp-1119092,Cs3W2N5,0.263315646
mp-1192816,Cs3SbSe3,0.0381
mp-1193894,Cs3SbS3,0.10118
mp-1213706,Cs2Pb2O3,0.0308
mp-14090,TlCuSe2,0.048995508
mp-17095,CsCuSe4,0.21087
mp-21521,Cs2PbO3,0.951827203
mp-29513,CsXeF7,0.095493333
mp-3288,CsNO2,0.057537685
mp-3762,VCu3S4,0.107926667
mp-38442,CsNd5Se8,0.321906157
mp-558728,Cs3Li2F5,1.67427177
mp-560088,Cs2Li3F5,0.134656797
mp-561681,CsSO3,0.49603861
mp-561942,Cs3TaO8,0.22031
mp-569055,CsLi2I3,0.113405786
mp-608311,Cs2Li3I5,0.504427675
mp-626417,CsH3O2,0.682090073
mp-996956,CuHO2,1.749518617
mvc-3102,MgCuF4,0.0
mp-33300,Fe5CuO8,0.06483
mp-5029,Ho2Cu2O5,0.155931185
mp-540284,CuPO4,0.560517542
mp-675902,YCuSe2,0.474141812
mp-759234,Li3CuF6,0.1958
mp-759877,Li4CuF7,0.37718
mp-867689,LiCuS,3.316929386
mp-8976,Cu2WS4,0.06211
mp-1001780,LuCuS2,0.507583852
mp-1025340,Cu2WSe4,0.23192
mp-10519,Cu2SnS3,0.291231858
mp-15988,Li2CuSb,0.56827
mp-22811,InCuSe2,0.213827003
mp-29136,Sr6Cu3N5,0.29175075
mp-36209,TmCuSe2,0.462928232
mp-36252,Nd5CuSe8,0.327223376
mp-5238,GaCuS2,0.0606
mp-562987,VCuO3,1.126098896
mp-568598,Cu2HgI4,0.15846
mp-675349,DyCuSe2,0.514238833
mp-752895,Li3CuF4,1.34354884
mp-10748,TaCu3S4,0.041976667
mp-1105594,La3Cu3Sb4,0.33442
mp-21855,VCu3Se4,0.16233
mp-22736,InCuS2,4.016270262
mp-25886,CuPO4,1.327074521
mp-29091,Ti(CuS)4,0.18164
mp-29403,GaCuI4,0.053480113
mp-35031,Pr5CuSe8,0.327126677
mp-38162,Sm5CuSe8,0.369493799
mp-3839,GaCuTe2,0.13482
mp-4081,TaCu3Se4,0.063186667
mp-5546,Cu8GeS6,1.597066076
mp-557373,Cu2WS4,0.09547
mp-559826,ErCuS2,0.21865
mp-754718,NaCuO2,0.864780047
mp-9295,TaCu3Te4,0.06476
mp-1008867,NaCuO,0.5051
mp-1106051,Y3Cu3Sb4,0.57639
mp-15335,Lu2Cu2O5,0.165449953
mp-34126,Cu4SnP10,0.787757811
mp-3934,Cu3PS4,0.786419237
mp-4043,NbCu3Se4,0.033063333
mp-4840,GaCuSe2,0.053326496
mp-510657,VCu3O4,3.611705
mp-640889,Tm(CuTe)3,0.061622439
mp-675180,ErCuSe2,0.473289273
mp-6980,ScCuS2,0.682166471
mp-753845,LiCuO2,1.390841841
mp-773044,LiCuO2,1.498886237
mp-9248,Cu2SiS3,0.22701
mp-991676,NbCu3Te4,0.05857
mp-15492,DyTa7O19,0.009680291
mp-23353,Cu2HgI4,0.12872
mp-5621,NbCu3S4,0.003446667
mp-640885,Er(CuTe)3,0.057820905
mp-771147,Dy2P4O13,0.0282
mp-991652,VCu3Te4,0.207283333
mp-16327,DySbPt,0.34776
mp-4510,DyNiSb,0.268343333
mp-777422,DyHO2,1.124530518
mp-11836,ErSbPd,0.283313333
mp-13643,Er2Ge2O7,0.113415
mp-16329,ErSbPt,0.35321
mp-17426,Er2WO6,0.61397
mp-21272,ErNiSb,0.195903333
mp-38728,Sr(ErS2)2,0.76222
mp-7290,Er3GaS6,0.31627901
mp-755898,Er3TaO7,0.27207
mp-774557,Er2TeO6,0.36028
mp-14193,K2ThF6,0.373610475
mp-1540546,RbPbF3,0.818666947
mp-27936,Na2SbF5,0.09497
mp-38971,Eu(YS2)2,0.553776355
mp-632282,NaHF2,1.45239242
mp-752561,SbO2F,0.837965405
mp-754014,Mn4OF8,0.337844611
mp-755718,Li2FeF4,0.476560185
mp-756042,VO2F,5.83761
mp-756952,Li4MnF8,0.419820246
mp-758397,Fe2OF3,0.764449929
mp-760367,VOF3,2.886702827
mp-762996,FeOF,0.064988533
mp-763784,LiMn2F6,0.571136745
mp-764354,LiMnF5,0.340825145
mp-774191,Fe3OF7,0.391217382
mp-775776,Li2VF4,0.03449
mp-776684,Li3FeF6,0.236202795
mp-777418,Li2FeF4,0.0
mp-777553,LiFeF4,0.635868581
mp-779165,Li2MnF5,0.149130239
mvc-3677,MgFeF4,0.940844669
mp-1212164,Hg3(SeF)2,0.25806
mp-13978,Rb2ThF6,0.305148393
mp-27211,KSb4F13,0.604993312
mp-28932,Sn4OF6,0.25664
mp-29946,IO2F,0.61797
mp-38194,YOF,0.89716
mp-4731,K2UF6,0.406476785
mp-554144,K3Mn2F7,0.0
mp-558387,TeOF2,1.217635664
mp-560008,PNF2,0.5666
mp-752764,LiVF3,1.45552578
mp-753398,WOF3,0.15513
mp-753539,SbOF,1.190693802
mp-753694,LiVF6,3.842910782
mp-753785,NbOF3,0.0
mp-754530,V4O3F5,6.42732
mp-757174,LiMn2F6,0.45416057
mp-759601,MnOF,0.001625
mp-759724,Li3MnF7,0.356355906
mp-763007,Mn2OF3,0.726157048
mp-765500,V2OF7,2.037679327
mp-777589,Li2MnF4,0.0417
mp-998193,RbSnF3,3.512726518
mp-14168,K2GeF6,0.261798371
mp-27463,Na5Fe3F14,0.0
mp-28123,H7NF4,0.238319648
mp-28676,S2O5F2,0.14993
mp-35208,NdOF,0.967473333
mp-35683,NaPF3,0.970312599
mp-36033,PrOF,0.979003333
mp-4937,SNF,0.04944
mp-752975,FeOF,1.0974151
mp-753030,VOF3,0.28764
mp-753203,VO2F,3.424903921
mp-753340,Li4VF8,2.194037952
mp-753525,VOF3,1.338051016
mp-753567,LiVF6,0.47917056
mp-754389,FeOF,0.672936705
mp-758876,Li2MnF4,0.544
mp-759283,FeOF,0.958746397
mp-759421,Li3VF7,0.368837287
mp-776816,Li2FeF5,0.0
mp-778554,Li2MnF4,0.160855242
mp-778819,LiMnF3,0.423772412
mp-998712,TlGeF3,1.157018128
mvc-14232,MgNiF4,0.0
mp-17297,Na2GeF6,0.123475839
mp-27573,NaSb3F10,0.884833203
mp-33319,Pr3NF6,86.09419987
mp-35555,LaOF,1.30365
mp-37267,NaYF4,0.621230331
mp-557403,LiFe2F6,0.161355609
mp-675109,Y5O4F7,1.598042075
mp-752955,WOF4,2.896530435
mp-752960,VO2F,1.641256402
mp-753533,Li3VF8,0.33711
mp-754215,Mn4OF6,0.512482606
mp-756849,LiFeF4,0.0
mp-757163,LiVF6,0.248222307
mp-758560,FeOF,1.187726032
mp-759469,VO2F,4.376853531
mp-759764,W(OF)2,5.82821267
mp-760313,VOF3,1.487185769
mp-766094,NbO2F,0.56239
mp-774361,Li2Mn3F8,1.13e-21
mp-775758,Li2FeF5,1.31172
mp-777801,LiFeF4,0.0
mp-24064,PHF2,0.07918
mp-34042,KY3F10,5.906145476
mp-37381,SmOF,0.93735
mp-3775,Na2SiF6,0.111996961
mp-677103,RbHF2,0.161119258
mp-752461,Mn6O5F7,1.111044199
mp-752973,LiMnF4,0.307503183
mp-752974,VOF2,4.913221618
mp-753256,Fe4O3F5,0.707077814
mp-754589,VOF,0.114615
mp-754676,LiMnF3,0.03277
mp-754764,FeOF,0.847014607
mp-755097,Fe6O5F7,0.349151381
mp-760762,NbOF3,0.41778
mp-763098,Li2MnF4,0.526922784
mp-765618,Mn6O7F5,0.36592424
mp-777999,VOF2,1.831801706
mp-780702,Mn6O5F7,0.903205243
mp-8415,K2HfF6,0.345188323
mp-1222351,LiFeF6,0.075623533
mp-27167,Sn2IF3,0.30206
mp-27235,H5N2F,0.03797
mp-27367,SeOF2,0.600230526
mp-29515,PH2F3,0.353948522
mp-29966,NOF,0.05463
mp-4829,Na2ThF6,0.265340842
mp-5368,Li2GeF6,0.151767099
mp-555514,OsOF5,0.079929604
mp-555863,P4PtF12,0.042012835
mp-559377,IOF3,0.27129
mp-752467,NbO2F,5.336940859
mp-753200,VOF,0.12411
mp-755244,LiVF4,0.120715431
mp-755582,Li2MnF4,0.413369871
mp-755693,LiFeF4,1.386488012
mp-7580,Hg3(SF)2,0.387315834
mp-765508,V3(O2F)2,1.149799907
mp-777972,LiMnF3,0.270798767
mp-850878,Fe4O5F3,1.056212294
mp-8537,S(OF)2,0.0266
mp-18775,Fe3PO7,1.119089815
mp-23794,H4NF,0.082937466
mp-31218,K3FeO2,0.01153
mp-558879,OsOF4,0.04694
mp-675778,NaY2F7,0.0
mp-752415,NbO2F,4.405446754
mp-753212,LiVF6,0.949897328
mp-753217,Fe4O3F5,0.492035093
mp-754919,VOF3,1.630635399
mp-755080,Mn6O7F5,2.218760562
mp-760343,FePO4,0.400522712
mp-781081,VOF3,1.478993578
mp-866663,K3TaF8,0.37978786
mp-961673,TiFeTe,1.729360041
mp-18849,Fe2P2O7,0.0
mp-19270,TiFeO3,3.006264296
mp-19752,FePO4,0.199665
mp-504276,FePO4,0.183208721
mp-510670,FeHO2,1.622646757
mp-567636,VFeSb,3.681806667
mp-753756,FePO4,0.137953657
mp-755285,FeHO2,1.168199427
mp-755390,NbFeO4,2.72834
mp-764074,Na2FeO3,0.805898982
mp-768729,RbFeO2,0.03027
mp-774155,Li2FeO3,0.464365905
mp-849528,Li3FeO4,0.012396667
mp-25246,FeP2O7,1.335049939
mp-626088,FeHO2,0.887
mp-626689,Fe(HO)2,0.930794515
mp-754743,Na2FeO2,0.538352642
mp-754802,Li5(FeO2)4,0.639561964
mp-766442,FePO4,0.17048
mp-540111,FePO4,0.20358
mp-754222,NbFeO4,0.151875
mp-754977,LiFeO2,1.292885424
mp-755627,Na2FeO3,1.052900753
mp-9437,NbFeSb,2.318406667
mp-11582,LiGaSe2,0.137262101
mp-15776,Zn(GaSe2)2,0.054523113
mp-17853,YGaO3,0.112166187
mp-28146,LiGa5O8,2.8200000000000003e-22
mp-3652,Ta9(FeS3)2,1.173892707
mp-752471,Li7FeO6,0.633027585
mp-766460,FePO4,0.16982
mp-769079,ScGaO3,0.310138123
mp-9198,Fe(SiP)4,0.180141898
mp-1094098,NaGaTe2,0.674139429
mp-11390,LiGaSi,0.11013
mp-15777,Zn(GaTe2)2,0.062130518
mp-20025,Mn(GaS2)2,0.164439007
mp-20496,Ga2PbO4,1.073001449
mp-27255,Ga2TeS2,0.165996678
mp-28423,Ga2TeSe2,0.137069268
mp-31110,Sm3GaO6,0.445206067
mp-3338,NaGaO2,1.469616299
mp-4122,GaPO4,0.267090576
mp-4730,Ga2HgSe4,0.146137942
mp-4809,Ga2HgS4,0.241309446
mp-5048,LiGaTe2,0.0287
mp-5350,Zn(GaS2)2,0.101481622
mp-541950,GaN5O14,0.274529489
mp-553932,GaPO4,2.59197
mp-557954,GaN5O14,0.16093963
mp-567394,Ga(MoSe2)4,0.046099166
mp-5854,LiGaO2,0.992442271
mp-677335,GaPO4,0.511056549
mp-753821,Pr3GaO6,0.434314929
mp-754929,Ga3NO3,0.093273446
mp-11773,Nd3GaO6,0.425584473
mp-1189598,Y3GaS6,0.21599
mp-16337,Ga2HgTe4,0.106627653
mp-17650,KGaS2,0.0
mp-19885,InGaS3,0.226026339
mp-20261,Mn(GaSe2)2,0.097238172
mp-29541,GaTeI7,0.487755882
mp-3107,Ga3PO7,1.029136611
mp-31114,Ho3GaO6,0.560859072
mp-33508,TaGaO4,0.621385302
mp-33880,Sr(GaTe2)2,0.08793
mp-34467,Zn(GaS2)2,0.080045
mp-3647,LiGaS2,0.265807679
mp-37207,Li5GaO4,0.018215
mp-504951,InGaS3,0.036973915
mp-554722,Y3GaO6,0.519034321
mp-561104,Ga(IO3)3,1.449313576
mp-752733,TiGa2O5,0.0
mp-753378,TaGaO4,1.73621
mp-961665,MgScGa,0.546943333
mp-23803,GaHO2,2.252014085
mp-37183,Sr(GdS2)2,0.543053742
mp-504952,InGaSe3,0.0942294
mp-676038,Ga5(PS)3,0.36298
mp-1020059,LiGe2N3,0.526996413
mp-1104707,Na(GeP)3,0.57867434
mp-14433,NaGe2N3,0.548641625
mp-15349,Li2GeO3,1.039842812
mp-20817,GePtSe,0.417009325
mp-27843,Zn2Ge3O8,8.47e-22
mp-27888,Zr3GeO8,2.518875
mp-4187,Ge2N2O,0.67118
mp-567817,HfGeTe4,0.558729377
mp-5784,Na2GeO3,0.955230831
mp-675748,Zn2GeS4,0.15075
mp-772840,Sm2Ge2O7,0.064755
mp-772842,Na2Ge2O5,0.376657116
mp-779457,Ge2N2O,0.727132462
mp-1029404,KGe2N3,0.36663
mp-1101755,GePtS,1.176427496
mp-12411,Li2ZnGe,1.24871
mp-13546,Y2Ge2O7,0.098945
mp-14649,Tb2Ge2O7,0.063835
mp-14708,Tm2Ge2O7,0.10524
mp-28548,Li8GeO6,0.184369803
mp-30293,Sr2GeSe4,0.447413768
mp-35539,Zn2GeSe4,0.06963
mp-4524,ZnGeP2,0.12876
mp-771411,Sr3GeO5,0.392744719
mp-777483,Ge2N2O,0.439624682
mp-7798,MgGeN2,1.304862947
mp-7998,Li2Ge2O5,0.664822409
mp-8346,Lu2Ge2O7,0.10183
mp-1029403,RbGe2N3,0.496730536
mp-13542,ZrGeTe4,0.566588015
mp-23702,LiH2N,0.276679031
mp-2979,ZnGeN2,0.59404387
mp-3167,Hg2GeSe4,0.245716183
mp-34903,MgGeP2,0.20245
mp-35220,PHN2,0.43024
mp-555731,SrGeO3,0.207383821
mp-562283,GePb3O5,1.363083715
mp-625051,NaHO,1.456907279
mp-625112,H8PtO6,8.753334657
mp-625211,LiH3O2,0.0
mp-625924,H5NO,0.11482
mp-625996,NaHO,2.483503841
mp-626037,Si2H2O5,0.443994697
mp-626068,MnHO2,0.638497059
mp-626727,SrH4O3,0.288254014
mp-626799,ReH3O5,0.170365752
mp-643009,SrMgH4,0.767951502
mp-771248,Na2Ge2O5,0.076361164
mp-778194,Ge2N2O,0.511554252
mp-867745,Ge2N2O,0.535487947
mp-1019323,Th2HN3,4.959721236
mp-23866,H2SeO4,0.03937
mp-23963,HIO3,0.48633
mp-24012,HoHSe,0.493129196
mp-24118,H10SO8,0.096375
mp-27949,Si2H6O,0.02398
mp-27996,H2SeO3,0.05544
mp-28090,Si2H2S3,0.04388
mp-28264,RbH3O2,0.52601
mp-28475,H2Pb3O4,0.2265
mp-28797,YHSe,0.46409539
mp-29310,Si2H6Se,0.01031
mp-29491,HS8N,0.041459471
mp-29877,K2ReH9,0.248123761
mp-33932,NbHO3,2.752536917
mp-34381,H4IN,0.343785383
mp-34465,Li2HN,0.516752078
mp-35152,Sr2H5Rh,0.41242806
mp-35695,Li2HN,1.167302743
mp-36582,NaHS,0.397523456
mp-38011,KHS,0.16088615
mp-504422,H7NO6,0.04458
mp-504535,InHO2,1.178262083
mp-505077,NaH9O5,0.01802
mp-625111,H8PtO6,0.50208291
mp-625113,H8PtO6,1.023080496
mp-625150,ScHO2,0.755898534
mp-625199,ScHO2,2.472661003
mp-625207,P(HO)3,0.502770409
mp-625231,P(HO)3,0.21032
mp-625238,Re2H4O9,1.773219939
mp-625254,P(HO)3,2.710366196
mp-625359,NdHO2,0.685209122
mp-625367,LuHO2,0.696355329
mp-625378,NaH9O5,0.084430509
mp-625455,NaH9O5,1.051182724
mp-625475,H2SO4,0.835356129
mp-625488,Zn(HO)2,2.198541594
mp-625501,NaH9O5,0.236922656
mp-625576,Mo(HO2)2,0.050283905
mp-625671,Mn(HO)2,1.188355958
mp-625686,H4N2O3,0.170498632
mp-625819,H8N2O,0.55372125
mp-625826,Zn(HO)2,0.05934
mp-625830,Zn(HO)2,0.21613
mp-625857,Zn(HO)2,0.213237161
mp-625927,H5NO,0.03322
mp-625993,Te(HO)6,0.254685376
mp-625998,LiHO,0.85540973
mp-626000,NaHO,1.051432125
mp-626046,H7NO6,0.09067
mp-626066,H7NO6,0.11517
mp-626149,Mg(HO)2,0.48425245
mp-626165,NaH9O5,0.456425343
mp-626229,H4SO5,0.460414045
mp-626256,H3NO4,0.042990377
mp-626259,H3NO4,0.551445011
mp-626448,H4SO5,0.042688855
mp-626534,H3NO,0.538468942
mp-626543,H3NO,1.368586105
mp-626554,NaH9O5,0.700520594
mp-626566,Ti3H2O7,0.860354111
mp-626620,RbHO,0.45414
mp-626701,Mn(HO)2,1.409460021
mp-626716,KHO,0.274104811
mp-626721,RbHO,0.189427859
mp-626750,SrH4O3,0.717409486
mp-626755,SrH4O3,1.240466678
mp-626785,KHO,0.3744
mp-626800,ReH3O5,0.48460353
mp-626835,H8PtO6,0.533579242
mp-626843,Ni(HO)2,0.100053138
mp-644271,LiHS,0.39408
mp-644419,LiHS,0.30175
mp-697139,PHN2,0.52364
mp-697146,Zn(HO)2,0.17287
mp-706430,H3NO4,0.559169861
mp-754117,YHO2,1.093992815
mp-755543,HoHO2,1.066071821
mp-1014251,HfZnN2,2.940362946
mp-11869,HfSnPd,0.067486667
mp-1212441,Hf3Ni3Sb4,0.66505
mp-13108,SrHfO3,8.735864163
mp-14444,Hf(PS3)2,0.156230462
mp-23736,LiMgH3,0.414314843
mp-625142,Re2H4O9,0.507288293
mp-626012,Te(HO)6,0.263113663
mp-626143,Mg(HO)2,1.075042025
mp-626506,NaHO,4.554694872
mp-753197,HfTiO4,1.603990689
mp-754833,Hf2N2O,2.118505587
mp-760360,Hf3N2O3,1.042861768
mp-761033,Hf3N2O3,0.456404444
mp-761842,Hf3SnO8,0.483191916
mp-771260,Y2Hf2O7,0.076115
mp-7787,HfSO,0.6145
mp-924128,HfNiSn,0.148573333
mp-974267,KH8N3,0.10072
mp-10796,HgSeO4,0.873265692
mp-1190842,Rb6HgS4,0.265070998
mp-19765,In2HgTe4,0.153963584
mp-20731,In2HgSe4,0.206869494
mp-27171,Hg2P2S7,0.64756889
mp-29510,Hg2TeO3,0.699949794
mp-5114,K6HgS4,0.434986468
mp-555918,Hg2SeO3,0.221209996
mp-10955,Sn(HgSe2)2,0.240311936
mp-19056,HoMnO3,0.030515004
mp-3228,HgSO4,0.340782098
mp-34380,HoTaO4,0.0
mp-4174,HoNiSb,0.233743333
mp-1205304,TiI2O7,1.914518415
mp-1208807,Sr3SbI3,0.0
mp-16376,HoSbPt,0.34505
mp-22955,LiIO3,1.35580878
mp-22981,TlIO3,1.624482188
mp-22994,LiIO3,0.710548566
mp-23400,In(IO3)3,1.000795048
mp-27193,RbIO3,1.075270872
mp-29117,Ta3TeI7,0.208163547
mp-29689,Nb3TeI7,0.22864492
mp-29910,Sr4I6O,0.118746363
mp-38322,Mg(IO3)2,1.174947055
mp-546285,NbI3O,2.136640415
mp-549720,NbI2O,3.921081422
mp-552729,KIO3,1.499211471
mp-567713,Nb3TeI7,0.239368785
mp-675488,Li6I3N,0.747343903
mp-1221979,Mn(InTe2)2,0.557330607
mp-20187,LiInSe2,0.09831
mp-20310,LiInSe2,0.225639871
mp-20782,LiInTe2,0.02587
mp-20832,Zn(InTe2)2,0.103175667
mp-22607,Zn(InSe2)2,0.144913293
mp-30216,K2ReI6,0.0
mp-30532,Tl2ZnI4,0.590053509
mp-504607,YInO3,0.036110004
mp-504908,In2TeO6,0.234710151
mp-675941,Li7IN2,0.372505763
mp-752535,TaIn3O7,0.27391
mp-755246,Ni(IO3)2,1.324307739
mp-1222182,Mg(InTe2)2,0.548313028
mp-20790,InPS4,0.274444178
mp-22253,Zn(InS2)2,1.19454194
mp-34169,Zn(InSe2)2,0.15907
mp-35777,Mg(InTe2)2,0.18586
mp-541937,Zn(InS2)2,1.224451164
mp-675124,In4SnS8,0.345804225
mp-675577,Mn(InTe2)2,0.16314
mp-1095507,SbIrSe,0.15924
mp-1102430,SbTeIr,0.11508
mp-1220004,PIrS,0.09836
mp-15074,Sr(PIr)2,1.551143272
mp-22512,Sr2In2O5,1.040191842
mp-8630,SbIrS,0.01177
mp-9270,SbIrS,0.16588
mp-1029418,KSi2N3,0.209373477
mp-1029938,K3W2N5,0.523363024
mp-1147776,K3VSe4,0.57842
mp-1194266,K3SbS3,0.10076
mp-16787,K2V3O8,0.860525238
mp-17250,K3SbO3,0.10882
mp-18244,K6MnS4,0.322109185
mp-18246,K6MnTe4,0.227212942
mp-18481,K6MnSe4,0.322388417
mp-18625,KPSe6,0.200803505
mp-19052,K3VO4,0.48354
mp-19140,K3MnO4,0.90686
mp-20694,K2Pb2O3,0.067866667
mp-22756,K2PbO3,0.626280674
mp-28080,K2SnTe5,0.0
mp-3486,KSnSb,0.405892566
mp-4690,K3TaO8,1.42177
mp-505153,K3NiO2,0.139
mp-546787,KNO2,0.297538123
mp-571452,KPSe3,0.233623258
mp-675625,KNO3,0.165628161
mp-676851,KNO3,0.201393072
mp-6920,KNO3,0.237403099
mp-705676,K4MoO8,1.894390336
mp-7375,KNbO3,6.016268868
mp-752538,KSnO2,0.0
mp-769025,K2Mg2O3,0.01824
mp-8624,K2Sn2O3,0.026406667
mp-9781,K3SbS4,0.45396
mp-9911,K3SbS4,0.679906667
mp-10161,KZnSb,0.306651002
mp-1029584,KSi5N7,0.378350546
mp-12171,K6MgO4,0.137627591
mp-14175,K3NbO8,1.80613
mp-14485,LaTa7O19,0.108417146
mp-27704,K3V5O14,1.006063186
mp-28769,K(SnSe2)2,0.286975472
mp-30925,La(NO2)3,0.205419793
mp-34857,KNO2,0.166386443
mp-3998,LaTaO4,2.333631008
mp-4342,KNbO3,3.261983386
mp-5246,KNbO3,3.969048168
mp-541581,KSO3,0.063985172
mp-546007,La2MoO6,1.02136
mp-560869,K3VO4,0.03435
mp-8704,K3SbSe4,0.366260737
mp-989524,LaWN3,7.267482028
mp-1019893,La3Si6N11,1.664841371
mp-1019967,LaSi3N5,0.57178
mp-17350,La2TeO6,0.30244
mp-25587,LiNiO2,1.226507219
mp-29257,LaTlO3,1.549473018
mp-33569,Sr(LaSe2)2,0.166871076
mp-35907,La5TlTe8,0.210282934
mp-37829,La5TlSe8,0.296807797
mp-4412,La4Se3O4,1.09605
mp-753156,La2Th2O7,0.618414378
mp-756935,Li3SbO3,0.23635
mp-10182,LiZnP,0.69049
mp-1029932,LiVN2,1.261683202
mp-1095291,Li2SnSe3,0.603957048
mp-13725,Li3PO4,0.659700384
mp-25316,LiNiO2,1.865532397
mp-28891,Li7TaO6,0.818451427
mp-31488,Li3NbO4,0.04089
mp-3666,LiTaO3,4.395901014
mp-37436,Li7SbO6,0.383256595
mp-37839,Li7RuO6,0.615063539
mp-5853,LiSi2N3,0.913963112
mp-676723,Li2SO4,0.145665105
mp-686208,Li5SiN3,1.181165409
mp-754496,Li5SbS,0.00909
mp-755559,LiNbO3,0.0
mp-756006,LiSbS,0.150279403
mp-763609,Li4Mn5O10,0.308241473
mp-767409,Li5SbS,0.0
mp-9919,LiZnSb,0.702685712
mp-10614,SrLiP,0.877187207
mp-1207082,LiMgSb,0.22596
mp-13843,Li2TeO4,0.071555
mp-19219,Li3VO4,1.458806307
mp-25542,LiMnO2,0.823700798
mp-34375,Li7OsO6,0.514289449
mp-35822,Li4SiO4,0.826902622
mp-37399,Li7NbO6,0.752098463
mp-569525,NaLi5N2,0.775338168
mp-677323,Li11TiSb5,0.244046858
mp-752636,LiSbO3,0.38425
mp-755309,Li3NbS4,0.005206667
mp-756951,LiSbO3,0.0
mp-7575,LiZnN,0.50861
mp-760415,Li3SbS4,0.17642
mp-768269,Li3SbS4,0.819988883
mp-774192,Li2VO3,0.0
mp-8007,LiUO3,3.072738933
mp-867695,Li2WS4,0.05311
mp-867699,Li4TiS4,0.11194
mp-1029294,LiSn2N3,0.993957537
mp-1029522,Li7SbN4,0.269953333
mp-19440,LiVO3,0.0
mp-3524,LiPN2,0.88534
mp-36111,LiMgP,0.169446667
mp-37906,LiMgN,0.40982
mp-4117,Li2Si2O5,1.113020463
mp-5012,Li2SiO3,1.229796554
mp-554540,Li5ReO6,0.0156488
mp-685991,Li5SiP3,0.228901058
mp-752965,Li2V3O6,0.0
mp-753195,Li2WS4,0.09025
mp-755231,LiTeO3,1.968741079
mp-755562,LiMnO2,2.508949846
mp-756316,Li3SbS4,0.306519248
mp-760375,Li3VS4,0.070793333
mp-762268,Li3V2O6,1.899491762
mp-763200,LiVO3,1.63354584
mp-767471,Li5SbS,0.066560412
mp-768440,Li3VS4,0.643435
mp-850275,Li3SbS4,0.00527
mp-10194,LuSbPt,0.475686667
mp-1190809,Li8TeN2,0.399625
mp-18385,Lu2Si2O7,0.09045
mp-27453,Li7SbO6,0.668615541
mp-3731,LiNbO3,5.159371527
mp-5515,Li7MnN4,0.015036667
mp-675020,Li4MoO5,2.277704857
mp-675800,Li5TiP3,0.0
mp-686129,Li5TiN3,0.458899442
mp-690542,Li4WO5,6.627199451
mp-756427,Li5SbS4,0.692649344
mp-776356,Li2SbS2,0.6678
mp-961698,LiZnP,0.19854
mp-973793,Li8SeN2,0.59709
mp-1029265,Mg2ZnN2,2.067026667
mp-1029368,Mg2VN3,1.949639547
mp-1029442,Mg2TaN3,1.558971927
mp-1030015,Mg3WN4,1.346394554
mp-1245510,Mg3MoN4,2.352154731
mp-2961,MgSiP2,0.33787
mp-642210,MgSiO3,0.237102063
mp-753816,Na6MgO4,0.290352937
mp-754369,Na4MgO3,0.655170026
mp-755867,Lu2Sb2O7,1.292848176
mp-768502,Lu2WO6,0.68594
mvc-2858,Mg(SbO2)4,0.763810629
mp-1029288,Mg2MnN3,3.300095391
mp-1029408,Mg2NbN3,1.573343343
mp-1029791,MgSnN2,1.530601283
mp-1284706,MgV2O4,0.230882095
mp-15701,MgSiN2,1.14581
mp-34116,Tm2MgS4,0.650495
mp-3677,MgSiN2,1.611876063
mp-3933,Mg2PN3,2.710455144
mp-756696,Mg2Mn3O8,0.747719566
mvc-6654,Mg(SbO2)2,0.723144521
mvc-7568,Mg2Ti3O8,1.600530337
mp-1029378,Mg2SbN3,1.416298323
mp-1221515,MnZn4Se5,0.965308418
mp-14780,Na6MnSe4,0.369387576
mp-21823,Mn(PbO2)2,0.15943
mp-504351,Mn(PO3)3,0.387995368
mp-691106,MnSnO3,0.491475372
mp-754513,ZrMnO3,1.14212851
mp-756668,MnPO4,1.028363807
mp-770690,Mn3TeO6,1.043866378
mvc-1621,Mg(SbO3)2,1.871141926
mvc-1623,MgTa2O6,5.387900039
mp-27032,MnP2O7,1.283465943
mp-28262,Na5MnO4,0.409035177
mp-3606,MnSiN2,1.015984337
mp-5055,Na6MnS4,0.25425064
mp-540118,MnPO4,0.339257957
mp-755816,Na4MnO4,0.361232532
mp-770865,Mn3SnO8,9.46e-22
mp-775296,TiMnO4,1.134435
mp-775810,Mn3NiO8,7.340000000000001e-21
mp-1219132,Re2MoSe4,0.079296132
mp-19376,TiMnO3,3.810594511
mp-22576,Mn(SbO3)2,0.115338811
mp-26940,MnPO4,0.459551399
mp-26982,MnP2O7,0.334541997
mp-763464,Zr4MnO9,1.910258616
mp-1023941,Te4MoW,0.076286074
mp-1023954,MoWS4,0.069292515
mp-1246430,Zn3MoN4,2.339153767
mp-18938,Tl2MoO4,0.594203493
mp-26600,Mo(PO4)2,0.02227
mp-546989,V2MoO8,1.953223642
mvc-5693,MoWO6,10.9177872
mp-1029262,VZn2N3,1.694972386
mp-1029313,NaRuN,1.693959278
mp-1029387,TaZn2N3,0.689623307
mp-1029565,Na3W2N5,5.934497617
mp-1029845,Na3Mo2N5,2.343640822
mp-10419,Na4ReN3,0.983861976
mp-1102523,Zn2PN3,1.939459875
mp-16995,Sm3Si6N11,1.478314657
mp-38975,PNO,0.326155822
mp-4497,Si2N2O,0.39372
mp-541291,Na3MoN3,0.644115217
mp-570598,SrSi7N10,2.154867313
mp-674948,VMoO5,2.312964171
mp-676400,TlNO2,8.99421934
mp-755047,Ti3N2O3,3.776931112
mp-755132,Zr3N2O3,0.673950006
mp-755205,Zr2N2O,0.472602552
mp-760506,PNO,0.135542028
mp-8973,NaSi2N3,0.403437968
mvc-3669,Zn3Mo2O7,0.479676268
mvc-7386,ZnMo2O7,0.733941165
mp-1014244,ZrZnN2,3.438908847
mp-1016108,TiZnN2,1.071152977
mp-1020712,ZnSiN2,1.844707778
mp-1029312,RbVN2,1.44601
mp-1029334,Zn2SbN3,0.744574953
mp-1029422,NbZn2N3,0.687162714
mp-1029469,ZnSnN2,1.069568032
mp-1029857,Rb3W2N5,0.234565889
mp-10572,NaPN2,1.41069
mp-1101160,Zr3N2O3,0.510720292
mp-12433,NaSnN,0.526540161
mp-1245967,Zn3WN4,2.219801313
mp-16839,Na3WN3,0.473076775
mp-2964,NaNO2,0.16159
mp-36066,PNO,0.588430509
mp-4453,TlNO2,0.335968539
mp-752446,RbNO3,0.185961401
mp-752463,NbNO,4.701
mp-752580,RbNO2,0.042613437
mp-753671,PNO,0.36018
mp-754659,Zr3N2O3,0.961368685
mp-9710,Sr2Si5N8,0.17892
mp-989625,SrWN3,1.710304681
mp-10223,Na2PdS2,0.09963
mp-1029652,Y3Si6N11,1.490566492
mp-1078751,Na2PdSe2,0.106307897
mp-1193265,Na3SbSe3,0.15423
mp-1193673,Na3SbS3,0.20359
mp-13275,NaSrP,0.271613845
mp-14588,Na2PtSe2,0.20969927
mp-27579,Na4P2O7,0.09464
mp-28108,Na4SnTe4,0.72258
mp-28205,Na3ReO5,0.360845841
mp-28261,Na4SnO3,0.531482975
mp-28768,Na4SnSe4,0.100565
mp-28782,Na3PS4,0.36398
mp-30253,Na10SrSn12,0.171888401
mp-36053,SiPN3,0.402389333
mp-4223,Na3PO4,0.45974
mp-4514,NaNbO3,5.784998628
mp-4533,Na2SiO3,0.580739503
mp-4681,NaNbO3,4.50082
mp-5073,RbNO3,0.14537269
mp-554845,Na2Zn2O3,0.02634
mp-563025,Na6PbO5,3.676036093
mp-567278,Sr(Si3N4)2,1.336148712
mp-759876,Na5SbO5,0.127182175
mp-760492,Na4PtO4,0.0
mp-761219,Na8TiO6,0.687002426
mp-761872,Na2Sn2O3,0.08067
mp-761931,Na8SnO6,0.197580005
mp-7664,Na6ZnO4,0.254907853
mp-773663,Na2Ti2O5,0.622226127
mp-8703,Na3SbSe4,0.79604
mp-9007,Na6P4W,0.438010584
mp-985584,Na3PS4,0.92883
mp-989617,YWN3,0.881729427
mp-1024047,Na6ZnSe4,0.441831693
mp-10246,Na2PtS2,0.157325718
mp-1078419,Na3PSe4,0.59992
mp-1173671,Na3PO4,0.952488214
mp-1210002,NaNbS6,0.271324251
mp-27623,Na6PbO4,0.651455246
mp-28987,NaPt2Se3,0.073055007
mp-29529,NaSnP,0.526931054
mp-29628,Na4SnS4,0.1422
mp-37430,Na4S2O5,4.344908593
mp-505297,NbSbRu,1.45031
mp-554383,Na2Si2O5,0.066768077
mp-569571,Nb3Sb2Te5,0.04202
mp-752917,Na3VO4,0.56122
mp-755436,Na3VO4,1.190229971
mp-756638,NbRhO4,1.710265
mp-774833,NaV5O8,3.44e-21
mp-781712,Na2SnO2,0.24367
mp-8076,Na3SbO3,0.042005134
mp-8389,Na6ZnS4,0.460261225
mp-850201,Na2VO3,1.190030791
mp-850957,Na6Ti2O7,1.224745579
mp-1025396,NbTl3Se4,0.19552
mp-1091384,NbTl3S4,0.21719
mp-14482,SrNb6O16,4.833715048
mp-27322,Nb2Te3O11,0.24623
mp-3491,NbSbO4,8.088503481
mp-3870,Sr2Nb2O7,3.090840616
mp-553278,Nd4Se3O4,1.12533
mp-648932,Nb2PS10,0.02008
mp-676300,Sc3NbO7,0.0
mp-7264,Nd(PO3)3,0.12489
mp-753679,NbVO4,4.460237795
mp-756591,Sm3NbO7,0.67002
mp-9808,Rb3NbO8,0.58166
mp-17926,Zr3Ni3Sb4,1.467113225
mp-20797,Yb(NdS2)2,0.62033
mp-22786,ThNiSn,0.707216667
mp-31318,Nd2TeO6,0.34191
mp-4025,TmNiSb,0.276043333
mp-675620,Nd2PbS4,0.51475
mp-8311,Si3NiP4,0.72251
mp-924130,TiNiSn,0.524518243
mp-961675,ScNiP,0.79925
mp-11520,YNiSb,0.402613333
mp-26232,NiP2O7,0.137292965
mp-28918,Sb2WO6,7.067789985
mp-3432,ScNiSb,0.128773333
mp-3716,TbNiSb,0.285343333
mp-769218,Ni(PS3)2,0.141052424
mp-850194,TiNiO3,2.936946955
mp-924129,ZrNiSn,0.007466667
mp-1539101,TeSeO4,1.750741725
mp-17066,Y2TeO6,0.37565
mp-20459,TiPbO3,3.633057217
mp-25301,Ti(SiO3)2,0.0
mp-29047,Tl3VO4,0.99322
mp-30192,Pr4Se3O4,1.07536
mp-30957,Pr(PO3)3,0.12051
mp-32509,V(PO3)4,0.130499481
mp-541462,SrTa4O11,0.336895
mp-555021,TePbO3,0.930725986
mp-5709,Tl3PO4,0.894032508
mp-675821,Y3TaO7,3.099818819
mp-753798,Rb2SnO3,1.586071639
mp-755018,RbTaO3,11.37144704
mp-755685,SmYO3,0.982146453
mp-761341,TiVO4,3.110861415
mp-769931,Tm3TaO7,0.333
mp-773512,Tm2WO6,0.65459
mp-780172,Tm2TeO6,0.36693
mvc-3714,Zn3W2O7,0.362770531
mp-1020797,Y(PO3)3,0.650945436
mp-11321,Y3TaO7,0.340664979
mp-13334,ZnSnO3,1.103298719
mp-20435,V(PO3)3,0.134856344
mp-21489,Rb2PbO3,3.38616186
mp-29104,Ti3Zn2O8,1.6900000000000001e-21
mp-29305,Re2PbO8,0.634409692
mp-510293,Pb3SeO5,1.403551912
mp-510519,Rb2V3O8,0.714987894
mp-5461,Rb3TaO8,0.54342
mp-556489,Ta2SnO6,2.661785951
mp-557773,Sc2TeO6,0.214884347
mp-633099,Sb2Pb2O7,0.551395558
mp-755293,Sr4Sb2O,0.0
mp-756570,Rb4SnO3,0.466311832
mp-768230,SmTaO4,2.047299164
mp-768353,YTmO3,0.586338391
mp-769365,ZnSeO4,1.109213595
mp-30539,Y2WO6,0.62055
mp-674341,Sc3TaO7,0.0
mp-675953,Tl2SeO4,0.0
mp-753401,Sc2TiO5,0.24404
mp-757191,P4WO12,0.136530462
mp-773864,TiSnO4,2.375385
mp-974650,Re2S2O13,0.503773512
mp-1209489,Rb2Pb2O3,0.03844
mp-18778,Zr(WO4)2,0.22949
mp-20337,ZrPbO3,2.707141123
mp-27931,Rb2SnO2,0.16241
mp-28000,P(WO4)2,0.14871
mp-29931,VRe2O9,0.396594661
mp-3519,ZrSO,0.58181
mp-545756,ZnSO4,0.478606667
mp-556100,Si(Sn3O4)2,0.387077177
mp-556295,V2Te2O9,2.147249894
mp-561189,Rb6Si10O23,0.05242136
mp-638424,Sb2S2O9,0.2794
mp-677526,Rb2SeO4,0.309179234
mp-703260,PbWO4,0.874999238
mp-756361,ZrSeO,0.32077
mp-760402,TaRhO4,0.782206555
mp-768176,TmTaO4,1.73994
mp-772232,Tm2P4O13,0.02975
mvc-667,Te(WO4)2,3.132885044
mvc-7701,Zn2Sn3O8,0.227760754
mp-20032,VPbO3,2.74812871
mp-30321,Y2P4O13,0.002451739
mp-3667,P2S2O3,0.033502719
mp-4906,Te2SO7,0.835689729
mp-556163,Zn2SiO4,0.43894
mp-557203,SrZrO3,0.39229
mp-557480,Te2SO7,0.752116611
mp-559961,Tl2SeO4,0.03573
mp-674350,TiPb9O11,0.093661022
mp-755190,TaVO4,0.20018
mp-756156,Rb2ZrO3,0.996091706
mp-768232,Rb3SbO3,0.09352
mp-768907,Sr3TeO6,2.975172456
mp-769953,Tb2Ti2O7,0.126165
mp-774922,Ti3TeO8,0.59058114
mvc-3343,Zn3Sn2O7,1.12301
mp-1018118,TmSbPd,1.24887
mp-1102531,PRhSe,0.08287
mp-1219924,PRhS,0.07951
mp-13923,SnPS3,1.494639398
mp-14983,Si4P4Ru,0.174219678
mp-20199,PPbS3,0.0
mp-20316,PPbSe3,0.0
mp-29157,Si3P2Pt,0.443025928
mp-30311,Zn3(PS4)2,0.079867711
mp-36381,Sn(PS3)2,0.124307233
mp-4175,ZnSnP2,0.085665
mp-4763,ZnSiP2,0.11632
mp-570370,SnPSe3,2.164348072
mp-675511,Sm2PbS4,0.56688
mp-675645,Tb2PbS4,0.656
mp-1103261,SiPtSe,0.990089396
mp-1207448,Zr3Sb4Pt3,1.1017
mp-1218926,SnPtSe,0.31334
mp-16313,TbSbPt,0.339003333
mp-16314,TmSbPt,0.50614
mp-19886,ThSnPt,0.489706667
mp-28520,Rb2SnTe5,0.0
mp-30847,TiSnPt,0.16022
mp-38240,Sr(PrS2)2,0.358865
mp-4964,YSbPt,0.461526667
mp-569779,ScSbPd,0.316913333
mp-7173,ScSbPt,0.27531
mp-961682,TiSnPd,0.050447249
mp-961687,ZrSnPd,0.138182934
mp-961706,TiSiPt,0.677262123
mp-961711,ZrSiPt,0.913542362
mp-961713,ZrSnPt,0.006331151
mp-10623,ThSbRh,0.235966667
mp-1100405,ScTeRh,0.133631526
mp-1100408,TaSnRh,0.434185949
mp-1100415,ZrSbRh,0.105326931
mp-1193319,Rb3SbS3,0.09443
mp-1219458,SbTeRh,0.12117
mp-17912,Rb3SbSe3,0.04754
mp-31454,TaSbRu,1.16173
mp-31455,VSbRu,2.145443333
mp-34508,Sr(SmS2)2,0.438595
mp-5222,ReTeS,0.069246667
mp-1025549,Tl3VSe4,0.23126
mp-10644,TaTl3Se4,0.376493333
mp-30294,Sr2SnS4,0.61852
mp-34292,Tl9SbTe6,2.332911732
mp-35746,Sr(YS2)2,0.647625
mp-4876,Tl3SbSe3,0.00482
mp-5513,Tl3VS4,0.413673333
mp-567318,TlSbSe2,0.0
mp-673682,Tb2YbS4,0.422655
mp-675293,Yb(YS2)2,0.44747
mp-675677,Yb(SmS2)2,0.3398
mp-7562,TaTl3S4,0.397503333
mp-8393,Tl3SbS3,0.478349985
mp-8479,Tl4SiS4,0.694179316
mp-8612,Sb2TeSe2,1.188478788
